{"(0, 0, 0)": [0.00484263780129994, 0.0005555354185024508, 0.017704241924636502, 0.011178809908193817, 0.0018548113168535135, 0.002951839547342105], "(1, 0, 0)": [0.006132786326072712, 0.0017807654689814406, 0.023709911270131667, 0.011178809908193817, 0.01303903119259378, 0.002951839547342105], "(0, 0, 1)": [0.010645230986755683, 0.007634424798487749, 0.010823491498117045, 0.012307328181585898, 0.004005630421887479, 0.002156725386809077], "(1, 0, 1)": [0.002036596254565981, 0.0006086645706456159, 0.016024693140501554, 0.012307328181585898, 0.006637454651897592, 0.002156725386809077], "(0, 0, 2)": [0.007652668947840483, 0.008297118604536788, 0.026381906072652454, 0.005714374335392694, 0.007903818371691948, 0.0014387343016860445], "(1, 0, 2)": [0.0007639734260768763, 0.00228916586067153, 0.013332747879087663, 0.005714374335392694, 0.01778949642677652, 0.0014387343016860445], "(0, 1, 0)": [0.00334495115776956, 0.0015716436673427585, 0.010490006968447749, 1.5739874809767018e-08, 0.0018548113168535135, 0.0026335063399158367], "(1, 1, 0)": [0.004032461518397035, 0.0009358456005571503, 0.00759232341534493, 1.5739874809767018e-08, 0.01303903119259378, 0.0026335063399158367], "(0, 1, 1)": [0.003448406405664746, 0.0016177542553431762, 0.00988806078534725, 0.0022840847664674577, 0.004005630421887479, 0.001509031850941388], "(1, 1, 1)": [0.003261630170645624, 0.002814618614282824, 0.005760639588729667, 0.0022840847664674577, 0.006637454651897592, 0.001509031850941388], "(0, 1, 2)": [0.0001549527204513304, 0.0018226702452885865, 0.006042959005001222, 0.004114607909333129, 0.007903818371691948, 0.0015349597517596882], "(1, 1, 2)": [0.0015031363102190817, 0.003095804659773563, 0.007848565709041945, 0.004114607909333129, 0.01778949642677652, 0.0015349597517596882], "(0, 2, 0)": [0.0010355898564412547, 0.006031482958091111, 0.029436089049374115, 0.018510263841491542, 0.0018548113168535135, 0.005440029413554275], "(1, 2, 0)": [0.02628549976058303, 0.0034653185137757114, 0.024232407566187088, 0.018510263841491542, 0.01303903119259378, 0.005440029413554275], "(0, 2, 1)": [0.002201924432943571, 0.005962046770630752, 0.027796987226812217, 0.003266666562569534, 0.004005630421887479, 0.0024046544195415872], "(1, 2, 1)": [0.005460203112655375, 0.001367134505178183, 0.025446678852404446, 0.003266666562569534, 0.006637454651897592, 0.0024046544195415872], "(0, 2, 2)": [0.0004085870702286859, 0.006366393212423757, 0.03465583184060193, 0.0029524303227374885, 0.007903818371691948, 0.0004436420821888468], "(1, 2, 2)": [0.005143216327805622, 0.0009843608318165498, 0.024962861406521555, 0.0029524303227374885, 0.01778949642677652, 0.0004436420821888468], "(0, 3, 0)": [0.0007602864304724708, 0.0014042443559238726, 0.009118574598300155, 2.0037591235561036e-08, 0.0018548113168535135, 0.0032818259016914953], "(1, 3, 0)": [0.003159554239242666, 0.0008404868370188064, 0.01435840251779006, 2.0037591235561036e-08, 0.01303903119259378, 0.0032818259016914953], "(0, 3, 1)": [0.002063003570831813, 0.0007398064798478238, 0.006656659070734074, 0.005404100811138048, 0.004005630421887479, 0.0014459979677498912], "(1, 3, 1)": [0.0009299857039784323, 0.001600373040290863, 0.007776236341177252, 0.005404100811138048, 0.006637454651897592, 0.0014459979677498912], "(0, 3, 2)": [0.00047798476173969984, 0.00020708121467638563, 0.007231398445876128, 4.428305112880171e-08, 0.007903818371691948, 0.0010546890586885366], "(1, 3, 2)": [0.0015853459478122472, 0.0007604296834038057, 0.0070954294086666425, 4.428305112880171e-08, 0.01778949642677652, 0.0010546890586885366], "(0, 4, 0)": [0.0053980730342160915, 0.0020514135514228954, 0.029904607005335725, 0.015818732100990454, 0.0018548113168535135, 0.0009060663152487035], "(1, 4, 0)": [0.0007804607618415171, 0.00396517348838317, 0.027025518623709388, 0.015818732100990454, 0.01303903119259378, 0.0009060663152487035], "(0, 4, 1)": [0.0017487886941119635, 0.0022326414180615234, 0.029017784639435287, 0.016888922333972947, 0.004005630421887479, 0.0017269980005893233], "(1, 4, 1)": [0.01937550573925416, 0.001968257775201848, 0.03106380546929373, 0.016888922333972947, 0.006637454651897592, 0.0017269980005893233], "(0, 4, 2)": [0.004542305619543781, 0.002336927484562608, 0.015329411860776, 5.547807727102061e-08, 0.007903818371691948, 0.000402699281450863], "(1, 4, 2)": [0.001782660879042287, 0.0007471264584384008, 0.00929716881347653, 5.547807727102061e-08, 0.01778949642677652, 0.000402699281450863]}